Workbook
Name Actual: ('Team Planner'!PeriodInActual*('Team Planner'!$E1>0))*'Team Planner'!PeriodInPlan
Name Actual: (PeriodInActual*('Project Planner'!$E1>0))*PeriodInPlan
Name ActualBeyond: 'Team Planner'!PeriodInActual*('Team Planner'!$E1>0)
Name ActualBeyond: PeriodInActual*('Project Planner'!$E1>0)
Name PercentComplete: 'Team Planner'!PercentCompleteBeyond*'Team Planner'!PeriodInPlan
Name PercentComplete: PercentCompleteBeyond*PeriodInPlan
Name period_selected: 'Team Planner'!$H$2
Name period_selected: 'Project Planner'!$H$2
Name PeriodInActual: 'Team Planner'!A$4=MEDIAN('Team Planner'!A$4,'Team Planner'!$E1,'Team Planner'!$E1+'Team Planner'!$F1-1)
Name PeriodInActual: 'Project Planner'!A$4=MEDIAN('Project Planner'!A$4,'Project Planner'!$E1,'Project Planner'!$E1+'Project Planner'!$F1-1)
Name PeriodInPlan: 'Team Planner'!A$4=MEDIAN('Team Planner'!A$4,'Team Planner'!$C1,'Team Planner'!$C1+'Team Planner'!$D1-1)
Name PeriodInPlan: 'Project Planner'!A$4=MEDIAN('Project Planner'!A$4,'Project Planner'!$C1,'Project Planner'!$C1+'Project Planner'!$D1-1)
Name Plan: 'Team Planner'!PeriodInPlan*('Team Planner'!$C1>0)
Name Plan: PeriodInPlan*('Project Planner'!$C1>0)
Name TitleRegion..BO60: 'Team Planner'!$B$3:$B$4
Name TitleRegion..BO60: 'Project Planner'!$B$3:$B$4

Sheet Estimations - Summary
C1: Initiative Name High Level Estimates - Summary
C2: Total Effort (In Man Days) | D2: ='Estimations - Detailed'!M14 -> 366
C3: # Sprints | D3: ='Estimations - Detailed'!M16 -> 5.65
C4: # Resources | D4: ='Estimations - Detailed'!M13 -> 10

Sheet Estimations - Detailed
A1: Initiative Name High Level Estimates - Detailed | N1: Team | P1: In Sprints
A2: Requirement ID | B2: Requirement | C2: Sub Requirements | D2: Front End T-Shirt | E2: Back End T-Shirt | F2: DevOps T-Shirt | G2: QA T-Shirt | H2: Front End | I2: Back End | J2: QA | K2: Dev Ops | L2: Depedendant on Requirement ID | M2: Total | N2: Team | O2: FE+BE | P2: Front End | Q2: Back End | R2: Sprints
A3: 1 | B3: Requirement1 | D3: M | E3: S | F3: XXS | G3: XXS | H3: =IFERROR(VLOOKUP(D3,'T-Shirt Sizing'!$G$6:$H$15,2,FALSE),0) -> 21 | I3: =IFERROR(VLOOKUP(E3,'T-Shirt Sizing'!$G$6:$H$15,2,FALSE),0) -> 13 | J3: =IFERROR(VLOOKUP(F3,'T-Shirt Sizing'!$G$6:$H$15,2,FALSE),0) -> 5 | K3: =IFERROR(VLOOKUP(G3,'T-Shirt Sizing'!$G$6:$H$15,2,FALSE),0) -> 5 | M3: =SUM(H3:K3) -> 44 | N3: Team 1 | O3: =+H3+I3 -> 34 | P3: =CEILING( IF(H3>0,H3/($D$15* H$13),0),1) -> 1 | Q3: =CEILING( IF(I3>0,I3/($D$15* I$13),0),1) -> 1 | R3: =MAX(P3:Q3) -> 1
A4: 2 | B4: Requirement2 | E4: XL | H4: =IFERROR(VLOOKUP(D4,'T-Shirt Sizing'!$G$6:$H$15,2,FALSE),0) -> 0 | I4: =IFERROR(VLOOKUP(E4,'T-Shirt Sizing'!$G$6:$H$15,2,FALSE),0) -> 55 | J4: =IFERROR(VLOOKUP(F4,'T-Shirt Sizing'!$G$6:$H$15,2,FALSE),0) -> 0 | K4: =IFERROR(VLOOKUP(G4,'T-Shirt Sizing'!$G$6:$H$15,2,FALSE),0) -> 0 | M4: =SUM(H4:K4) -> 55 | N4: Team 2 | O4: =+H4+I4 -> 55 | P4: =CEILING( IF(H4>0,H4/($D$15* H$13),0),1) -> 0 | Q4: =CEILING( IF(I4>0,I4/($D$15* I$13),0),1) -> 2 | R4: =MAX(P4:Q4) -> 2
A5: 3 | B5: Requirement3 | D5: XXS | H5: =IFERROR(VLOOKUP(D5,'T-Shirt Sizing'!$G$6:$H$15,2,FALSE),0) -> 5 | I5: =IFERROR(VLOOKUP(E5,'T-Shirt Sizing'!$G$6:$H$15,2,FALSE),0) -> 0 | J5: =IFERROR(VLOOKUP(F5,'T-Shirt Sizing'!$G$6:$H$15,2,FALSE),0) -> 0 | K5: =IFERROR(VLOOKUP(G5,'T-Shirt Sizing'!$G$6:$H$15,2,FALSE),0) -> 0 | L5: 7 | M5: =SUM(H5:K5) -> 5 | N5: Team 3 | O5: =+H5+I5 -> 5 | P5: =CEILING( IF(H5>0,H5/($D$15* H$13),0),1) -> 1 | Q5: =CEILING( IF(I5>0,I5/($D$15* I$13),0),1) -> 0 | R5: =MAX(P5:Q5) -> 1
A6: 4 | B6: Requirement4 | E6: XS | H6: =IFERROR(VLOOKUP(D6,'T-Shirt Sizing'!$G$6:$H$15,2,FALSE),0) -> 0 | I6: =IFERROR(VLOOKUP(E6,'T-Shirt Sizing'!$G$6:$H$15,2,FALSE),0) -> 8 | J6: =IFERROR(VLOOKUP(F6,'T-Shirt Sizing'!$G$6:$H$15,2,FALSE),0) -> 0 | K6: =IFERROR(VLOOKUP(G6,'T-Shirt Sizing'!$G$6:$H$15,2,FALSE),0) -> 0 | L6: 3 | M6: =SUM(H6:K6) -> 8 | N6: Team 1 | O6: =+H6+I6 -> 8 | P6: =CEILING( IF(H6>0,H6/($D$15* H$13),0),1) -> 0 | Q6: =CEILING( IF(I6>0,I6/($D$15* I$13),0),1) -> 1 | R6: =MAX(P6:Q6) -> 1
A7: 5 | B7: Requirement5 | E7: L | H7: =IFERROR(VLOOKUP(D7,'T-Shirt Sizing'!$G$6:$H$15,2,FALSE),0) -> 0 | I7: =IFERROR(VLOOKUP(E7,'T-Shirt Sizing'!$G$6:$H$15,2,FALSE),0) -> 34 | J7: =IFERROR(VLOOKUP(F7,'T-Shirt Sizing'!$G$6:$H$15,2,FALSE),0) -> 0 | K7: =IFERROR(VLOOKUP(G7,'T-Shirt Sizing'!$G$6:$H$15,2,FALSE),0) -> 0 | L7: 3 | M7: =SUM(H7:K7) -> 34 | N7: Team 2 | O7: =+H7+I7 -> 34 | P7: =CEILING( IF(H7>0,H7/($D$15* H$13),0),1) -> 0 | Q7: =CEILING( IF(I7>0,I7/($D$15* I$13),0),1) -> 1 | R7: =MAX(P7:Q7) -> 1
A8: 6 | B8: Requirement6 | D8: L | H8: =IFERROR(VLOOKUP(D8,'T-Shirt Sizing'!$G$6:$H$15,2,FALSE),0) -> 34 | I8: =IFERROR(VLOOKUP(E8,'T-Shirt Sizing'!$G$6:$H$15,2,FALSE),0) -> 0 | J8: =IFERROR(VLOOKUP(F8,'T-Shirt Sizing'!$G$6:$H$15,2,FALSE),0) -> 0 | K8: =IFERROR(VLOOKUP(G8,'T-Shirt Sizing'!$G$6:$H$15,2,FALSE),0) -> 0 | L8: 2 | M8: =SUM(H8:K8) -> 34 | N8: Team 3 | O8: =+H8+I8 -> 34 | P8: =CEILING( IF(H8>0,H8/($D$15* H$13),0),1) -> 1 | Q8: =CEILING( IF(I8>0,I8/($D$15* I$13),0),1) -> 0 | R8: =MAX(P8:Q8) -> 1
A9: 7 | B9: Requirement7 | E9: XXXS | H9: =IFERROR(VLOOKUP(D9,'T-Shirt Sizing'!$G$6:$H$15,2,FALSE),0) -> 0 | I9: =IFERROR(VLOOKUP(E9,'T-Shirt Sizing'!$G$6:$H$15,2,FALSE),0) -> 3 | J9: =IFERROR(VLOOKUP(F9,'T-Shirt Sizing'!$G$6:$H$15,2,FALSE),0) -> 0 | K9: =IFERROR(VLOOKUP(G9,'T-Shirt Sizing'!$G$6:$H$15,2,FALSE),0) -> 0 | L9: 1 | M9: =SUM(H9:K9) -> 3 | N9: Team 1 | O9: =+H9+I9 -> 3 | P9: =CEILING( IF(H9>0,H9/($D$15* H$13),0),1) -> 0 | Q9: =CEILING( IF(I9>0,I9/($D$15* I$13),0),1) -> 1 | R9: =MAX(P9:Q9) -> 1
H10: =SUM(H3:H9) -> 60 | I10: =SUM(I3:I9) -> 113 | J10: =SUM(J3:J9) -> 5 | K10: =SUM(K3:K9) -> 5 | M10: =SUM(M3:M9) -> 183
C13: No of Resources | H13: 4 | I13: 4 | J13: 1 | K13: 1 | M13: =SUM(H13:K13) -> 10
C14: Inflation Rate | D14: 2 | H14: =H10*$D$14 -> 120 | I14: =I10*$D$14 -> 226 | J14: =J10*$D$14 -> 10 | K14: =K10*$D$14 -> 10 | M14: =SUM(H14:K14) -> 366
C15: No of Days in Sprint | D15: 10
C16: No of Sprints | H16: =(H14/($D$15*H13)) -> 3 | I16: =(I14/($D$15*I13)) -> 5.65 | J16: =(J14/($D$15*J13)) -> 1 | K16: =(K14/($D$15*K13)) -> 1 | M16: =MAX(H16:K16) -> 5.65

Sheet T-Shirt Sizing
G5: Size | H5: Days
G6: XXXS | H6: 3
G7: XXS | H7: 5
G8: XS | H8: 8
G9: S | H9: 13
G10: M | H10: 21
G11: L | H11: 34
G12: XL | H12: 55
G13: XXL | H13: 89
G14: XXXL | H14: 144
G15: XXXXL | H15: 233

Sheet TeamSummary
A3: Row Labels | B3: Sum of FE+BE
A4: Team 1 | B4: 45
A5: Team 2 | B5: 89
A6: Team 3 | B6: 39
A7: Grand Total | B7: 173

Sheet Project Planner
B1: Project Planner
B2: Select a period to highlight at right. A legend describing the charting follows. | G2: Period Highlight: | H2: 1 | K2: Plan Duration | Q2: Actual Start | V2: % Complete | AA2: Actual (beyond plan) | AI2: % Complete (beyond plan)
B3: ACTIVITY | C3: PLAN START | D3: PLAN DURATION | E3: ACTUAL START | F3: ACTUAL DURATION | G3: PERCENT COMPLETE | H3: PERIODS
H4: 1 | I4: 2 | J4: 3 | K4: 4 | L4: 5 | M4: 6 | N4: 7 | O4: 8 | P4: 9 | Q4: 10 | R4: 11 | S4: 12 | T4: 13 | U4: 14 | V4: 15 | W4: 16 | X4: 17 | Y4: 18 | Z4: 19 | AA4: 20 | AB4: 21 | AC4: 22 | AD4: 23 | AE4: 24 | AF4: 25 | AG4: 26 | AH4: 27 | AI4: 28 | AJ4: 29 | AK4: 30 | AL4: 31 | AM4: 32 | AN4: 33 | AO4: 34 | AP4: 35 | AQ4: 36 | AR4: 37 | AS4: 38 | AT4: 39 | AU4: 40 | AV4: 41 | AW4: 42 | AX4: 43 | AY4: 44 | AZ4: 45 | BA4: 46 | BB4: 47 | BC4: 48 | BD4: 49 | BE4: 50 | BF4: 51 | BG4: 52 | BH4: 53 | BI4: 54 | BJ4: 55 | BK4: 56 | BL4: 57 | BM4: 58 | BN4: 59 | BO4: 60
B5: ='Estimations - Detailed'!B3 -> Requirement1 | C5: 1 | D5: ='Estimations - Detailed'!R3 -> 1 | E5: 1 | F5: =D5 -> 1 | G5: 0.25
B6: ='Estimations - Detailed'!B4 -> Requirement2 | C6: 1 | D6: ='Estimations - Detailed'!R4 -> 2 | E6: 1 | F6: =D6 -> 2 | G6: 1
B7: ='Estimations - Detailed'!B5 -> Requirement3 | C7: 2 | D7: ='Estimations - Detailed'!R5 -> 1 | E7: 2 | F7: =D7 -> 1 | G7: 0.35
B8: ='Estimations - Detailed'!B6 -> Requirement4 | C8: 3 | D8: ='Estimations - Detailed'!R6 -> 1 | E8: 3 | F8: =D8 -> 1 | G8: 0.1
B9: ='Estimations - Detailed'!B7 -> Requirement5 | C9: 3 | D9: ='Estimations - Detailed'!R7 -> 1 | E9: 3 | F9: =D9 -> 1 | G9: 0.85
B10: ='Estimations - Detailed'!B8 -> Requirement6 | C10: 4 | D10: ='Estimations - Detailed'!R8 -> 1 | E10: 4 | F10: =D10 -> 1 | G10: 0.85
B11: ='Estimations - Detailed'!B9 -> Requirement7 | C11: 4 | D11: ='Estimations - Detailed'!R9 -> 1 | E11: 4 | F11: =D11 -> 1 | G11: 0.5

Sheet Team Planner
B1: Project Planner
B2: Select a period to highlight at right. A legend describing the charting follows. | G2: Period Highlight: | H2: 1 | K2: Plan Duration | Q2: Actual Start | V2: % Complete | AA2: Actual (beyond plan) | AI2: % Complete (beyond plan)
B3: ACTIVITY | C3: PLAN START | D3: PLAN DURATION | E3: ACTUAL START | F3: ACTUAL DURATION | G3: PERCENT COMPLETE | H3: SPRINTS
H4: 1 | I4: 2 | J4: 3 | K4: 4 | L4: 5 | M4: 6 | N4: 7 | O4: 8 | P4: 9 | Q4: 10 | R4: 11 | S4: 12 | T4: 13 | U4: 14 | V4: 15 | W4: 16 | X4: 17 | Y4: 18 | Z4: 19 | AA4: 20 | AB4: 21 | AC4: 22 | AD4: 23 | AE4: 24 | AF4: 25 | AG4: 26 | AH4: 27 | AI4: 28 | AJ4: 29 | AK4: 30 | AL4: 31 | AM4: 32 | AN4: 33 | AO4: 34 | AP4: 35 | AQ4: 36 | AR4: 37 | AS4: 38 | AT4: 39 | AU4: 40 | AV4: 41 | AW4: 42 | AX4: 43 | AY4: 44 | AZ4: 45 | BA4: 46 | BB4: 47 | BC4: 48 | BD4: 49 | BE4: 50 | BF4: 51 | BG4: 52 | BH4: 53 | BI4: 54 | BJ4: 55 | BK4: 56 | BL4: 57 | BM4: 58 | BN4: 59 | BO4: 60
B5: =TeamSummary!A4 -> Team 1 | C5: 1 | D5: =GETPIVOTDATA("FE+BE",TeamSummary!$A$3,"Team",B5)*'Estimations - Detailed'!$D$14/('Estimations - Detailed'!$D$15*SUM('Estimations - Detailed'!H$13:I$13)) -> 1.125 | E5: 1 | F5: =D5 -> 1.125 | G5: 0.25
B6: =TeamSummary!A5 -> Team 2 | C6: 1 | D6: =GETPIVOTDATA("FE+BE",TeamSummary!$A$3,"Team",B6)*'Estimations - Detailed'!$D$14/('Estimations - Detailed'!$D$15*SUM('Estimations - Detailed'!H$13:I$13)) -> 2.225 | E6: 1 | F6: =D6 -> 2.225 | G6: 1
B7: =TeamSummary!A6 -> Team 3 | C7: 1 | D7: =GETPIVOTDATA("FE+BE",TeamSummary!$A$3,"Team",B7)*'Estimations - Detailed'!$D$14/('Estimations - Detailed'!$D$15*SUM('Estimations - Detailed'!H$13:I$13)) -> 0.975 | E7: 1 | F7: =D7 -> 0.975 | G7: 0.35
